Actual,Random_Forest_Prediction,Random_Forest_Probability,XGBoost_Prediction,XGBoost_Probability
1,1,0.8599474566615671,1,0.9161923
0,0,0.082045365083677,0,0.052873094
0,0,0.010523809523809524,0,0.036665346
0,0,0.3199248882001288,0,0.118501805
0,1,0.5454388888888889,0,0.4803024
1,0,0.20464125267945485,0,0.24051784
1,1,0.5652242488759766,1,0.5567374
1,1,0.7878367764909427,1,0.8263244
0,1,0.7978163676045678,1,0.75687957
0,0,0.15993818940005383,0,0.10543927
0,1,0.5590581032071241,0,0.46671322
1,1,0.8665462493505671,1,0.90547067
0,0,0.23753945651800737,0,0.28562075
0,0,0.06291269841269842,0,0.042353053
0,1,0.6800793650793651,1,0.80635554
0,0,0.04798025471102668,0,0.07614225
1,1,0.6512420634920636,1,0.7019566
0,0,0.03066666666666667,0,0.04366072
0,1,0.5237692405774304,1,0.51546985
0,0,0.39578893331526144,0,0.2985854
1,1,0.7453243650477129,1,0.7572932
0,0,0.003333333333333333,0,0.034428954
1,1,0.7978358105602689,1,0.85371554
0,0,0.06918566902253344,0,0.07327255
0,0,0.010583333333333333,0,0.035044257
0,0,0.22219458128078817,0,0.13461113
1,1,0.5084399439832678,0,0.43433332
1,1,0.7159545883957622,1,0.67796755
0,1,0.7966140350877191,1,0.8739083
0,0,0.21748966857427565,0,0.1465351
0,0,0.07301526347216002,0,0.051113024
1,1,0.8240098103373162,1,0.8915807
1,1,0.6869898004815961,1,0.5631142
0,0,0.32140698501506093,0,0.35002846
0,1,0.719243695998484,1,0.8159052
1,1,0.6262964000672718,1,0.60519856
0,0,0.009441919191919192,0,0.06515812
0,0,0.4636706349206349,1,0.51498735
0,0,0.13018057817742718,0,0.133645
1,0,0.3590551208329411,0,0.3964462
0,0,0.09162500000000001,0,0.0908764
1,0,0.3179416225867141,0,0.43369174
1,1,0.584650608942265,1,0.7195308
1,1,0.5168555333555334,0,0.44816732
0,0,0.05885219801331055,0,0.06513732
0,0,0.24240590663320444,0,0.2215377
1,1,0.5200824466336522,1,0.5995335
0,0,0.2037814137616769,0,0.18238032
1,0,0.15747568691109026,0,0.094434105
0,0,0.013333333333333332,0,0.03641446
0,0,0.05047619047619047,0,0.051004842
0,0,0.07681590344128333,0,0.06233375
0,0,0.087625,0,0.09888398
1,0,0.47592430040055284,0,0.41240937
1,1,0.8894940183583059,1,0.88682526
0,0,0.02,0,0.035364
1,1,0.5071430918233383,0,0.38446537
0,0,0.23790627665887765,0,0.2180781
0,1,0.5153888960983906,0,0.47820455
0,1,0.5041183975373522,0,0.40236196
0,0,0.24882657106682443,0,0.16838346
1,1,0.7608995686782728,1,0.8100614
0,0,0.08509298413129607,0,0.06402025
1,0,0.37283163183602047,0,0.46321446
1,0,0.23888095238095233,0,0.19947036
1,1,0.6165041924226962,1,0.6364264
0,0,0.1287142857142857,0,0.0674021
0,0,0.17323629420638123,0,0.084860176
1,0,0.0394935064935065,0,0.048329614
0,0,0.1188598421524385,0,0.103288434
1,1,0.6909683768244141,1,0.79949534
0,1,0.500365072040962,0,0.3877606
0,1,0.5238564388087324,1,0.6342798
1,1,0.7373065872289634,1,0.7005495
1,0,0.35997629547315674,0,0.3689406
1,0,0.44794820937187746,0,0.41456524
0,0,0.014722222222222223,0,0.03348519
0,1,0.5339916024036563,1,0.56784475
0,0,0.003333333333333333,0,0.02865979
0,0,0.4460354869307686,0,0.48204297
0,0,0.48128514043042697,0,0.28989646
1,0,0.10601730905546695,0,0.07627442
0,0,0.3242415937347451,0,0.3896943
0,0,0.1125,0,0.12547019
1,0,0.37273317500150754,0,0.43036088
0,0,0.07060638430336573,0,0.046918467
1,0,0.15377319138696147,0,0.1396976
0,0,0.40351886166511675,0,0.4585415
1,1,0.6575833333333334,1,0.63153255
1,0,0.21661797582098793,0,0.23357867
0,0,0.022746031746031747,0,0.037751798
0,0,0.08083333333333334,0,0.04723411
1,1,0.7260648369940671,1,0.757525
1,0,0.316146205212094,0,0.33757764
1,1,0.7501853849215917,1,0.7014426
0,0,0.15981547619047617,0,0.13384663
0,0,0.022310966810966813,0,0.05151119
0,0,0.014410411622276029,0,0.043522332
0,0,0.02395238095238095,0,0.03537062
0,0,0.4301822934370881,0,0.3681909
0,0,0.11359523809523812,0,0.07410354
0,0,0.016023193577163246,0,0.04342459
0,0,0.2892610473461866,0,0.2733969
1,1,0.8172760349148734,1,0.88201016
0,0,0.25976587301587306,0,0.20660289
0,0,0.04041041162227603,0,0.069220066
1,1,0.7577119250926176,1,0.8581196
1,1,0.7303095238095239,1,0.79019207
1,1,0.5264166666666666,1,0.6453957
1,1,0.764778460639286,1,0.8685196
1,1,0.828,1,0.89309895
0,0,0.30636079494313034,0,0.2135153
0,1,0.7581254578754578,1,0.79140425
0,0,0.03438095238095239,0,0.034835663
0,0,0.20359295495360746,0,0.20924804
0,0,0.08723724082934609,0,0.049297404
0,1,0.6985862573099414,1,0.7992787
0,0,0.11009664972708451,0,0.084302396
0,1,0.5134951162107216,0,0.40234953
1,0,0.4820774970077295,0,0.49516767
1,0,0.05671428571428571,0,0.06334833
0,0,0.36651733818823884,0,0.26611117
0,1,0.632942892983686,0,0.48305658
1,1,0.8934422340306327,1,0.9095786
0,1,0.6524839129214481,1,0.65290415
0,0,0.369063568632524,0,0.28860143
1,1,0.7394927407985591,1,0.7757088
0,0,0.03164414414414415,0,0.03683032
0,0,0.03316939666939667,0,0.04141546
0,0,0.20648023903665333,0,0.11060999
1,1,0.619142972844495,1,0.608588
0,1,0.5991468253968254,1,0.5980835
0,0,0.089749723145072,0,0.09865359
0,0,0.4190232551418322,0,0.334826
1,1,0.5762698587677982,1,0.6246013
0,0,0.1617932588704479,0,0.11812278
1,0,0.36016968813435907,0,0.2593575
0,0,0.42397885375494077,0,0.27538675
1,1,0.7059695273533159,1,0.74249566
0,0,0.070584649122807,0,0.06017509
0,0,0.07553195488721806,0,0.07078532
1,1,0.5482608237605142,1,0.6716184
0,0,0.07092985842985843,0,0.05085839
0,0,0.12233333333333335,0,0.090075485
0,0,0.10331553309302764,0,0.07303907
0,1,0.600796604764493,1,0.50508624
0,0,0.1277142857142857,0,0.1425169
0,0,0.03543333333333334,0,0.04610379
0,1,0.8442513227513228,1,0.81454897
0,0,0.026333333333333334,0,0.032663755
0,0,0.05226190476190477,0,0.041372016
0,0,0.02322222222222222,0,0.029501358
0,0,0.0215,0,0.03140352
0,0,0.15391563694142055,0,0.08777506
